﻿{"inkVersion":19,"root":[["^You're late to work, so you...","\n","ev",0,"/ev","thread",{"->":"storylets"},{"*":"0.c-0","flg":24},{"c-0":["\n","^Actually, no, you don't do anything. You just stay in bed.","\n",{"->":"0.g-0"},{"#f":5}],"g-0":[["done",{"#n":"g-1"}],null]}],"done",{"subway":[[{"#":"storylet"},"ev",{"VAR?":"savings"},2.7,"<","/ev",[{"->":".^.b","c":true},{"b":["^ ","done",{"->":".^.^.^.7"},null]}],"nop","\n",["ev",{"^->":"subway.0.9.$r1"},{"temp=":"$r"},"str",{"->":".^.s"},[{"#n":"$r1"}],"/str","/ev",{"*":".^.^.c-0","flg":18},{"s":["^Take the subway",{"->":"$r","var":true},null]}],{"c-0":["ev",{"^->":"subway.0.c-0.$r2"},"/ev",{"temp=":"$r"},{"->":".^.^.9.s"},[{"#n":"$r2"}],"\n",{"->":".^.^.g-0"},{"#f":5}],"g-0":[{"->":"work"},null]}],null],"cab":[[{"#":"storylet"},"ev",{"VAR?":"savings"},25,"<","/ev",[{"->":".^.b","c":true},{"b":["^ ","done",{"->":"cab.0.7"},null]}],"nop","\n",["ev",{"^->":"cab.0.9.$r1"},{"temp=":"$r"},"str",{"->":".^.s"},[{"#n":"$r1"}],"/str","/ev",{"*":".^.^.c-0","flg":18},{"s":["^Take a cab",{"->":"$r","var":true},null]}],{"c-0":["ev",{"^->":"cab.0.c-0.$r2"},"/ev",{"temp=":"$r"},{"->":".^.^.9.s"},[{"#n":"$r2"}],"\n",{"->":".^.^.g-0"},{"#f":5}],"g-0":[{"->":"work"},null]}],null],"work":["^Yeah, you should've stayed in bed.","\n",null],"storylets":[{"temp=":"index"},"ev",{"VAR?":"index"},0,"<","/ev",[{"->":".^.b","c":true},{"b":["^ ","done",{"->":".^.^.^.7"},null]}],"nop","\n","ev","choiceCnt","/ev",{"temp=":"cc"},"\n","ev",{"VAR?":"index"},{"x()":"get_storylet","exArgs":1},"/ev",{"temp=":"storylet"},"\n","thread",{"->":"storylet","var":true},"ev","choiceCnt",{"VAR?":"cc"},"==","/ev",[{"->":".^.b","c":true},{"b":["^ ","ev",{"VAR?":"index"},1,"+","/ev","thread",{"->":".^.^.^"},{"->":".^.^.^.28"},null]}],"nop","\n",null],"global decl":["ev",50,{"VAR=":"savings"},"/ev","end",null]}],"listDefs":{}}