﻿{"inkVersion":20,"root":[[{"#":"author: Jason Warren"},{"#":"title: Human Resources Happiness Profile"},["^Welcome, new employee.","\n",["^Please complete HR Happiness Profile before commencing duties. ",{"#":"delay: 1500"},"\n",["ev",{"^->":"0.g-0.g-1.3.$r1"},{"temp=":"$r"},"str",{"->":".^.s"},[{"#n":"$r1"}],"/str","/ev",{"*":".^.^.c-0","flg":2},{"s":["^Begin",{"->":"$r","var":true},null]}],{"c-0":["ev",{"^->":"0.g-0.g-1.c-0.$r2"},"/ev",{"temp=":"$r"},{"->":".^.^.3.s"},[{"#n":"$r2"}],"\n",{"#":"CLEAR"},{"->":"begin"},{"->":"0.g-2"},{"#f":5}],"#f":5,"#n":"g-1"}],{"#f":5,"#n":"g-0"}],{"g-2":["done",{"#f":5}]}],"done",{"begin":[[["^Welcome ","ev",{"VAR?":"userActive"},"out","/ev","^. ",{"#":"delay: 1500"},"\n",["^As per our Privacy Policy, we have scraped relevant image files from your social media accounts. ",{"#":"delay: 1500"},"\n",["^Please select image file for Employee Identification Photographic Record ",{"#":"delay: 1500"},"\n",["ev",{"^->":"begin.0.g-0.g-1.selection.3.$r1"},{"temp=":"$r"},"str",{"->":".^.s"},[{"#n":"$r1"}],"/str","/ev",{"*":".^.^.c-0","flg":2},{"s":["^tinder.jpg",{"->":"$r","var":true},null]}],["ev",{"^->":"begin.0.g-0.g-1.selection.4.$r1"},{"temp=":"$r"},"str",{"->":".^.s"},[{"#n":"$r1"}],"/str","/ev",{"*":".^.^.c-1","flg":2},{"s":["^grindr.jpg",{"->":"$r","var":true},null]}],["ev",{"^->":"begin.0.g-0.g-1.selection.5.$r1"},{"temp=":"$r"},"str",{"->":".^.s"},[{"#n":"$r1"}],"/str","/ev",{"*":".^.^.c-2","flg":2},{"s":["^linkedin.jpg",{"->":"$r","var":true},null]}],{"c-0":["ev",{"^->":"begin.0.g-0.g-1.selection.c-0.$r2"},"/ev",{"temp=":"$r"},{"->":".^.^.3.s"},[{"#n":"$r2"}],"\n",[[{"#":"CLEAR"},"ev","str","^tinder","/str","/ev",{"VAR=":"userProfile","re":true},["^Current Profile Picture: ",{"#":"image: avatar_tinder.jpg"},{"#":"delay: 1500"},"\n",{"->":"begin.0.g-2"},{"#f":5,"#n":"g-1"}],{"#f":5,"#n":"g-0"}],null],{"#f":5}],"c-1":["ev",{"^->":"begin.0.g-0.g-1.selection.c-1.$r2"},"/ev",{"temp=":"$r"},{"->":".^.^.4.s"},[{"#n":"$r2"}],"\n",[[{"#":"CLEAR"},"ev","str","^grindr","/str","/ev",{"VAR=":"userProfile","re":true},["^Current Profile Picture: ",{"#":"image: avatar_grindr.jpg"},{"#":"delay: 1500"},"\n",{"->":"begin.0.g-2"},{"#f":5,"#n":"g-1"}],{"#f":5,"#n":"g-0"}],null],{"#f":5}],"c-2":["ev",{"^->":"begin.0.g-0.g-1.selection.c-2.$r2"},"/ev",{"temp=":"$r"},{"->":".^.^.5.s"},[{"#n":"$r2"}],"\n",[[{"#":"CLEAR"},"ev","str","^linkedin","/str","/ev",{"VAR=":"userProfile","re":true},["^Current Profile Picture: ",{"#":"image: avatar_linkedin.jpg"},{"#":"delay: 1500"},"\n",{"->":"begin.0.g-2"},{"#f":5,"#n":"g-1"}],{"#f":5,"#n":"g-0"}],null],{"#f":5}],"#f":5,"#n":"selection"}],{"#f":5,"#n":"g-1"}],{"#f":5,"#n":"g-0"}],{"g-2":["^Confirm profile picture? ",{"#":"delay: 1500"},"\n",["ev",{"^->":"begin.0.g-2.3.$r1"},{"temp=":"$r"},"str",{"->":".^.s"},[{"#n":"$r1"}],"/str","/ev",{"*":".^.^.c-3","flg":2},{"s":["^Yes",{"->":"$r","var":true},null]}],["ev",{"^->":"begin.0.g-2.4.$r1"},{"temp=":"$r"},"str",{"->":".^.s"},[{"#n":"$r1"}],"/str","/ev",{"*":".^.^.c-4","flg":2},{"s":["^No",{"->":"$r","var":true},null]}],{"c-3":["ev",{"^->":"begin.0.g-2.c-3.$r2"},"/ev",{"temp=":"$r"},{"->":".^.^.3.s"},[{"#n":"$r2"}],"\n",{"#":"CLEAR"},{"->":"check"},{"#f":5}],"c-4":["ev",{"^->":"begin.0.g-2.c-4.$r2"},"/ev",{"temp=":"$r"},{"->":".^.^.4.s"},[{"#n":"$r2"}],"\n",{"#":"CLEAR"},{"->":".^.^.^.g-0.g-1.selection"},{"#f":5}],"#f":5}]}],{"#f":1}],"check":[{"->":".^.checkStart"},{"checkStart":[[["^Initiate security check? ",{"#":"delay: 1500"},"\n","ev","str","^Yes","/str","/ev",{"*":".^.c-0","flg":4},"ev","str","^No","/str","/ev",{"*":".^.c-1","flg":4},{"c-0":["\n",{"#":"clear"},{"->":"check.checkQuestion_birth"},{"#f":5}],"c-1":["\n",{"#":"clear"},{"->":"check.checkResult"},{"#f":5}],"#f":5,"#n":"g-0"}],null],{"#f":1}],"checkResult":[[["^Active User: ","ev",{"VAR?":"userActive"},"out","/ev","^ \t",{"#":"delay: 1500"},"\n",["^Status: ","ev",{"VAR?":"currentStatus"},"out","/ev","^ \t",{"#":"delay: 1500"},"\n",["^Details: ","ev",{"VAR?":"reasonDenied"},"out","/ev","^ \t",{"#":"delay: 1500"},"\n",{"->":"check.checkStart"},{"#f":5,"#n":"g-2"}],{"#f":5,"#n":"g-1"}],{"#f":5,"#n":"g-0"}],null],{"#f":1}],"checkQuestion_birth":[[["^Please choose birth year. ",{"#":"delay: 1500"},"\n",["ev",{"^->":"check.checkQuestion_birth.0.g-0.3.$r1"},{"temp=":"$r"},"str",{"->":".^.s"},[{"#n":"$r1"}],"/str","/ev",{"*":".^.^.c-0","flg":2},{"s":["^1961",{"->":"$r","var":true},null]}],["ev",{"^->":"check.checkQuestion_birth.0.g-0.4.$r1"},{"temp=":"$r"},"str",{"->":".^.s"},[{"#n":"$r1"}],"/str","/ev",{"*":".^.^.c-1","flg":2},{"s":["^1985",{"->":"$r","var":true},null]}],["ev",{"^->":"check.checkQuestion_birth.0.g-0.5.$r1"},{"temp=":"$r"},"str",{"->":".^.s"},[{"#n":"$r1"}],"/str","/ev",{"*":".^.^.c-2","flg":2},{"s":["^1996",{"->":"$r","var":true},null]}],["ev",{"^->":"check.checkQuestion_birth.0.g-0.6.$r1"},{"temp=":"$r"},"str",{"->":".^.s"},[{"#n":"$r1"}],"/str","/ev",{"*":".^.^.c-3","flg":2},{"s":["^2000",{"->":"$r","var":true},null]}],{"c-0":["ev",{"^->":"check.checkQuestion_birth.0.g-0.c-0.$r2"},"/ev",{"temp=":"$r"},{"->":".^.^.3.s"},[{"#n":"$r2"}],"\n","ev","str","^Shouty_Man","/str","/ev",{"VAR=":"userActive","re":true},"ev","str","^Potential Dictator","/str","/ev",{"VAR=":"reasonDenied","re":true},{"->":".^.^.^.g-1"},{"#f":5}],"c-1":["ev",{"^->":"check.checkQuestion_birth.0.g-0.c-1.$r2"},"/ev",{"temp=":"$r"},{"->":".^.^.4.s"},[{"#n":"$r2"}],"\n","ev","str","^PerfectBrother","/str","/ev",{"VAR=":"userActive","re":true},"ev","str","^Too Sexy","/str","/ev",{"VAR=":"reasonDenied","re":true},{"->":".^.^.^.g-1"},{"#f":5}],"c-2":["ev",{"^->":"check.checkQuestion_birth.0.g-0.c-2.$r2"},"/ev",{"temp=":"$r"},{"->":".^.^.5.s"},[{"#n":"$r2"}],"\n","ev","str","^M370nh34d","/str","/ev",{"VAR=":"userActive","re":true},{"->":"check.checkQuestion_Name"},{"->":".^.^.^.g-1"},{"#f":5}],"c-3":["ev",{"^->":"check.checkQuestion_birth.0.g-0.c-3.$r2"},"/ev",{"temp=":"$r"},{"->":".^.^.6.s"},[{"#n":"$r2"}],"\n","ev","str","^ImperfectBrother","/str","/ev",{"VAR=":"userActive","re":true},"ev","str","^Interpol Red List","/str","/ev",{"VAR=":"reasonDenied","re":true},{"->":".^.^.^.g-1"},{"#f":5}],"#f":5,"#n":"g-0"}],{"g-1":[{"#":"CLEAR"},{"->":"check.checkResult"},{"#f":5}]}],{"#f":1}],"checkQuestion_Name":[[["^User Active: ","ev",{"VAR?":"userActive"},"out","/ev","^ ",{"#":"delay: 1500"},"\n","^Correct? ",{"#":"delay: 1500"},"\n",["ev",{"^->":"check.checkQuestion_Name.0.g-0.11.$r1"},{"temp=":"$r"},"str",{"->":".^.s"},[{"#n":"$r1"}],"/str","/ev",{"*":".^.^.c-0","flg":2},{"s":["^Yes",{"->":"$r","var":true},null]}],["ev",{"^->":"check.checkQuestion_Name.0.g-0.12.$r1"},{"temp=":"$r"},"str",{"->":".^.s"},[{"#n":"$r1"}],"/str","/ev",{"*":".^.^.c-1","flg":2},{"s":["^No",{"->":"$r","var":true},null]}],{"c-0":["ev",{"^->":"check.checkQuestion_Name.0.g-0.c-0.$r2"},"/ev",{"temp=":"$r"},{"->":".^.^.11.s"},[{"#n":"$r2"}],"\n",{"#":"CLEAR"},{"->":"check.checkPass_input"},{"#f":5}],"c-1":["ev",{"^->":"check.checkQuestion_Name.0.g-0.c-1.$r2"},"/ev",{"temp=":"$r"},{"->":".^.^.12.s"},[{"#n":"$r2"}],"\n",{"#":"CLEAR"},"ev","str","^User Confused","/str","/ev",{"VAR=":"reasonDenied","re":true},{"->":"check.checkResult"},{"#f":5}],"#f":5,"#n":"g-0"}],null],{"#f":1}],"checkPass_input":[[["^Welcome, ","ev",{"VAR?":"userActive"},"out","/ev","^ ",{"#":"delay: 1500"},"\n","^Archive Access is restricted; passphrase required. ",{"#":"delay: 1500"},"\n",["ev",{"VAR?":"passAssembled"},"str","^","/str","!=","/ev",[{"->":".^.b","c":true},{"b":["^ Passphrase Assembly: ",{"->":".^.^.^.8"},null]}],"nop","^ ","ev",{"VAR?":"passAssembled"},"out","/ev","\n",["^Input Passphrase (Segment ","ev",{"VAR?":"passSyllable"},"out","/ev","^):","\n","ev","str","^m48","/str",{"VAR?":"passSyllable"},1,"==","/ev",{"*":".^.c-0","flg":21},"ev","str","^31d","/str",{"VAR?":"passSyllable"},2,"==","/ev",{"*":".^.c-1","flg":21},"ev","str","^0^^","/str",{"VAR?":"passSyllable"},3,"==","/ev",{"*":".^.c-2","flg":21},"ev","str","^y93","/str",{"VAR?":"passSyllable"},4,"==","/ev",{"*":".^.c-3","flg":21},"ev","str","^n!5","/str",{"VAR?":"passSyllable"},5,"==","/ev",{"*":".^.c-4","flg":21},"ev","str","^h3d","/str",{"VAR?":"passSyllable"},6,"==","/ev",{"*":".^.c-5","flg":21},{"c-0":["\n","ev","str","^m48","/str","/ev",{"VAR=":"passAddition","re":true},"ev",{"VAR?":"passSyllable"},1,"+",{"VAR=":"passSyllable","re":true},"/ev",{"->":".^.^.^.^.^.g-2"},{"#f":5}],"c-1":["\n","ev","str","^31d","/str","/ev",{"VAR=":"passAddition","re":true},"ev",{"VAR?":"passSyllable"},1,"+",{"VAR=":"passSyllable","re":true},"/ev",{"->":".^.^.^.^.^.g-2"},{"#f":5}],"c-2":["\n","ev","str","^0^^","/str","/ev",{"VAR=":"passAddition","re":true},"ev",{"VAR?":"passSyllable"},1,"+",{"VAR=":"passSyllable","re":true},"/ev",{"->":".^.^.^.^.^.g-2"},{"#f":5}],"c-3":["\n","ev","str","^y93","/str","/ev",{"VAR=":"passAddition","re":true},"ev",{"VAR?":"passSyllable"},1,"+",{"VAR=":"passSyllable","re":true},"/ev",{"->":".^.^.^.^.^.g-2"},{"#f":5}],"c-4":["\n","ev","str","^n!5","/str","/ev",{"VAR=":"passAddition","re":true},"ev",{"VAR?":"passSyllable"},1,"+",{"VAR=":"passSyllable","re":true},"/ev",{"->":".^.^.^.^.^.g-2"},{"#f":5}],"c-5":["\n","ev","str","^h3d","/str","/ev",{"VAR=":"passAddition","re":true},"ev",{"VAR?":"passSyllable"},1,"+",{"VAR=":"passSyllable","re":true},"/ev","ev",{"^var":"passAssembled","ci":-1},{"VAR?":"passAddition"},{"f()":"stringBuilder"},"pop","/ev","\n",{"->":".^.^.^.^.^.g-2"},{"#f":5}],"#f":5,"#n":"g-1"}],{"#f":5,"#n":"input"}],{"#f":5,"#n":"g-0"}],{"g-2":[{"#":"CLEAR"},["ev",{"VAR?":"passSyllable"},"/ev",["du","ev",7,"==","/ev",{"->":".^.b","c":true},{"b":["pop","\n",{"->":"check.checkPass_done"},{"->":".^.^.^.5"},null]}],[{"->":".^.b"},{"b":["pop","\n",{"->":".^.^.^.^.^.g-0.input"},{"->":".^.^.^.5"},null]}],"nop","\n",{"#f":5,"#n":"g-3"}],{"#f":5}]}],{"#f":1}],"checkPass_done":[[{"#":"CLEAR"},{"->":".^.submit"},["^Submit passphrase?","\n",["ev",{"^->":"check.checkPass_done.0.submit.2.$r1"},{"temp=":"$r"},"str",{"->":".^.s"},[{"#n":"$r1"}],"/str",{"CNT?":".^.^"},1,"==","/ev",{"*":".^.^.c-0","flg":3},{"s":["^m4831d0^^y93n!5h3d",{"->":"$r","var":true},null]}],["ev",{"^->":"check.checkPass_done.0.submit.3.$r1"},{"temp=":"$r"},"str",{"->":".^.s"},[{"#n":"$r1"}],"/str",{"CNT?":".^.^"},2,"==","/ev",{"*":".^.^.c-1","flg":3},{"s":["^M483lD0^^yP3n!5h3d",{"->":"$r","var":true},null]}],["ev",{"^->":"check.checkPass_done.0.submit.4.$r1"},{"temp=":"$r"},"str",{"->":".^.s"},[{"#n":"$r1"}],"/str",{"CNT?":".^.^"},3,"==","/ev",{"*":".^.^.c-2","flg":3},{"s":["^M4b31 D0^ny P3n!sh3d",{"->":"$r","var":true},null]}],["ev",{"^->":"check.checkPass_done.0.submit.5.$r1"},{"temp=":"$r"},"str",{"->":".^.s"},[{"#n":"$r1"}],"/str",{"CNT?":".^.^"},4,"==","/ev",{"*":".^.^.c-3","flg":3},{"s":["^Mabel Donny Penishead",{"->":"$r","var":true},null]}],{"c-0":["ev",{"^->":"check.checkPass_done.0.submit.c-0.$r2"},"/ev",{"temp=":"$r"},{"->":".^.^.2.s"},[{"#n":"$r2"}],"\n",{"->":".^.^.^.g-0"},{"#f":5}],"c-1":["ev",{"^->":"check.checkPass_done.0.submit.c-1.$r2"},"/ev",{"temp=":"$r"},{"->":".^.^.3.s"},[{"#n":"$r2"}],"\n",{"->":".^.^.^.g-0"},{"#f":5}],"c-2":["ev",{"^->":"check.checkPass_done.0.submit.c-2.$r2"},"/ev",{"temp=":"$r"},{"->":".^.^.4.s"},[{"#n":"$r2"}],"\n",{"->":".^.^.^.g-0"},{"#f":5}],"c-3":["ev",{"^->":"check.checkPass_done.0.submit.c-3.$r2"},"/ev",{"temp=":"$r"},{"->":".^.^.5.s"},[{"#n":"$r2"}],"\n",{"->":".^.^.^.g-0"},{"#f":5}],"#f":5,"#n":"submit"}],{"g-0":[{"#":"CLEAR"},["ev",{"CNT?":".^.^.^.submit"},4,"<","/ev",[{"->":".^.b","c":true},{"b":["^ ERROR, PASSPHRASE CORRUPTED ",{"->":".^.^.^.^.^.submit"},{"->":".^.^.^.6"},null]}],"nop","\n",["^PASSPHRASE ACCEPTED ",{"#":"delay: 1500"},"\n",[{"#":"CLEAR"},{"->":"archive"},{"#f":5,"#n":"g-1"}],{"#f":5,"#n":"accepted"}],{"#f":5,"#n":"attempts"}],{"#f":5}]}],{"#f":1}],"#f":1}],"archive":[{"->":".^.archiveOpen"},{"archiveOpen":[[{"#":"CLEAR"},["^Welcome Melonhead. ",{"#":"delay: 1500"},"\n",["ev",{"VAR?":"issuesAll"},6,"!=","/ev",[{"->":".^.b","c":true},{"b":["^ Please contact HR to resolve the following issues before commencing employment.",{"->":".^.^.^.7"},null]}],[{"->":".^.b"},{"b":["^ Checking...",{"->":".^.^.^.7"},null]}],"nop","\n",["ev",{"VAR?":"issuesAssociates"},{"VAR?":"issuesHealth"},"+",{"VAR?":"issuesCriminal"},"+","/ev",{"VAR=":"issuesAll","re":true},"ev","str","^All Issues Resolved","/str",{"VAR?":"issuesAll"},6,"==","/ev",{"*":".^.c-0","flg":5},"ev","str","^Associations with Sanctioned Individuals","/str",{"VAR?":"issuesAssociates"},2,"!=","/ev",{"*":".^.c-1","flg":5},"ev","str","^Health Concerns","/str",{"VAR?":"issuesHealth"},2,"!=","/ev",{"*":".^.c-2","flg":5},"ev","str","^Allegations of Criminality","/str",{"VAR?":"issuesCriminal"},2,"!=","/ev",{"*":".^.c-3","flg":5},{"c-0":["\n",{"#":"CLEAR"},{"->":"ending"},{"#f":5}],"c-1":["\n",{"#":"CLEAR"},{"->":"archive.associates"},{"#f":5}],"c-2":["\n",{"#":"CLEAR"},{"->":"archive.health"},{"#f":5}],"c-3":["\n",{"#":"CLEAR"},{"->":"archive.criminal"},{"#f":5}],"#f":5,"#n":"update"}],{"#f":5,"#n":"menu"}],{"#f":5,"#n":"g-0"}],null],{"#f":1}],"associates":[[["^Known links to the following individuals of interest to (inter)national authorities: ",{"#":"delay: 1500"},"\n","ev","str","^Burton Kev","/str","/ev",{"*":".^.c-0","flg":20},"ev","str","^\"Cabin Boy\"","/str","/ev",{"*":".^.c-1","flg":20},{"c-0":["^ ","\n",{"#":"CLEAR"},[["^Burton Kev has been implicated in the downfall of several governments.","\n",{"#":"image: criminal01.jpg"},["^Mainly targets devolved administrations in predominantly Celtic cultural areas. ",{"#":"delay: 1500"},"\n",["^Currently top of the Cornish Liberation Movement's most wanted list. ",{"#":"delay: 1500"},"\n",["^Banned from Isle of Man after shouting \"This isn't even a real fucking country\" at passers-by. ",{"#":"delay: 1500"},"\n",{"->":".^.^.^.^.^.^.^.^.g-1"},{"#f":5,"#n":"g-3"}],{"#f":5,"#n":"g-2"}],{"#f":5,"#n":"g-1"}],{"#f":5,"#n":"g-0"}],null],{"#f":5}],"c-1":["\n",{"#":"CLEAR"},[["^\"Cabin Boy\" was banned from UK waters after attaching submachine guns to luxury yachts against both maritime law & owners' wishes. ",{"#":"delay: 1500"},"\n",{"#":"image: criminal02.jpg"},["^May be same individual as the \"Putin of the Pacific\" mentioned in Puerto Rican news reports ",{"#":"delay: 1500"},"\n",{"->":".^.^.^.^.^.^.g-1"},{"#f":5,"#n":"g-1"}],{"#f":5,"#n":"g-0"}],null],{"#f":5}],"#f":5,"#n":"g-0"}],{"g-1":["ev",{"VAR?":"issuesAssociates"},1,"+",{"VAR=":"issuesAssociates","re":true},"/ev",["ev",{"^->":"archive.associates.0.g-1.6.$r1"},{"temp=":"$r"},"str",{"->":".^.s"},[{"#n":"$r1"}],"/str","/ev",{"*":".^.^.c-2","flg":2},{"s":["^Review more issues.",{"->":"$r","var":true},null]}],{"c-2":["ev",{"^->":"archive.associates.0.g-1.c-2.$r2"},"/ev",{"temp=":"$r"},{"->":".^.^.6.s"},[{"#n":"$r2"}],"\n",{"#":"CLEAR"},{"->":"archive.archiveOpen.0.g-0.menu"},{"#f":5}],"#f":5}]}],{"#f":1}],"health":[["ev","str","^Dietary Imbalance","/str","/ev",{"*":".^.c-0","flg":20},"ev","str","^Emotional Instability","/str","/ev",{"*":".^.c-1","flg":20},{"c-0":["\n",{"#":"CLEAR"},[["^Please note that positions in North American offices will not be offered until a Healthy Lifestyle Retraining Course is undertaken.","\n",{"#":"image: food01.jpg"},{"->":".^.^.^.^.g-0"},{"#f":5,"#n":"g-0"}],null],{"#f":5}],"c-1":["\n",{"#":"CLEAR"},[["^As evidenced in the following images (taken 5 seconds apart), worrying swings in emotional state have been observed.","\n",{"#":"image: emotion01.jpg"},{"#":"image: emotion02.jpg"},{"->":".^.^.^.^.g-0"},{"#f":5,"#n":"g-0"}],null],{"#f":5}],"g-0":["ev",{"VAR?":"issuesHealth"},1,"+",{"VAR=":"issuesHealth","re":true},"/ev",["ev",{"^->":"archive.health.0.g-0.6.$r1"},{"temp=":"$r"},"str",{"->":".^.s"},[{"#n":"$r1"}],"/str","/ev",{"*":".^.^.c-2","flg":2},{"s":["^Review more issues.",{"->":"$r","var":true},null]}],{"c-2":["ev",{"^->":"archive.health.0.g-0.c-2.$r2"},"/ev",{"temp=":"$r"},{"->":".^.^.6.s"},[{"#n":"$r2"}],"\n",{"#":"CLEAR"},{"->":"archive.archiveOpen.0.g-0.menu"},{"#f":5}],"#f":5}]}],{"#f":1}],"criminal":[["^Criminal charges pending trial. Please note that a guilty erdict will automatically nullify any pre-existing employment contract.","\n","ev","str","^Religiously Motivated Hate Crimes","/str","/ev",{"*":".^.c-0","flg":20},"ev","str","^Unprovoked Violence/Terror Attacks","/str","/ev",{"*":".^.c-1","flg":20},{"c-0":["\n",{"#":"CLEAR"},[["^For more information, please refer to the BBC documentary \"The Bumming of the Christ Child: Max Warren's Festive Subversion\"","\n",{"#":"image: culture01.jpg"},{"->":".^.^.^.^.g-0"},{"#f":5,"#n":"g-0"}],null],{"#f":5}],"c-1":["\n",{"#":"CLEAR"},[["^Trial date pending; police have been unable to locate the kindly elderly gentleman seen being attacked here.","\n",{"#":"image: violence01.jpg"},{"->":".^.^.^.^.g-0"},{"#f":5,"#n":"g-0"}],null],{"#f":5}],"g-0":["ev",{"VAR?":"issuesCriminal"},1,"+",{"VAR=":"issuesCriminal","re":true},"/ev",["ev",{"^->":"archive.criminal.0.g-0.6.$r1"},{"temp=":"$r"},"str",{"->":".^.s"},[{"#n":"$r1"}],"/str","/ev",{"*":".^.^.c-2","flg":2},{"s":["^Review more issues.",{"->":"$r","var":true},null]}],{"c-2":["ev",{"^->":"archive.criminal.0.g-0.c-2.$r2"},"/ev",{"temp=":"$r"},{"->":".^.^.6.s"},[{"#n":"$r2"}],"\n",{"#":"CLEAR"},{"->":"archive.archiveOpen.0.g-0.menu"},{"#f":5}],"#f":5}]}],{"#f":1}],"#f":1}],"ending":[[["^Happy Birthday fuckpuffin!","\n","^Here's some other gems I've found. ",{"#":"delay: 1500"},"\n",[{"#":"image: duo01.jpg"},{"#":"delay: 1500"},[{"#":"image: duo02.jpg"},{"#":"delay: 1500"},[{"#":"image: trio01.jpg"},{"#":"delay: 1500"},[{"#":"image: trio02.jpg"},{"#":"delay: 1500"},[{"#":"image: trio03.jpg"},{"#":"delay: 1500"},[{"#":"image: trio04.jpg"},{"#":"delay: 1500"},["^See you soon. ",{"#":"delay: 1500"},"\n",["ev",{"^->":"ending.0.g-0.g-1.g-2.g-3.g-4.g-5.g-6.g-7.3.$r1"},{"temp=":"$r"},"str",{"->":".^.s"},[{"#n":"$r1"}],"/str","/ev",{"*":".^.^.c-0","flg":2},{"s":["^Start Game Again",{"->":"$r","var":true},null]}],["ev",{"^->":"ending.0.g-0.g-1.g-2.g-3.g-4.g-5.g-6.g-7.4.$r1"},{"temp=":"$r"},"str",{"->":".^.s"},[{"#n":"$r1"}],"/str","/ev",{"*":".^.^.c-1","flg":2},{"s":["^Fuck That",{"->":"$r","var":true},null]}],{"c-0":["ev",{"^->":"ending.0.g-0.g-1.g-2.g-3.g-4.g-5.g-6.g-7.c-0.$r2"},"/ev",{"temp=":"$r"},{"->":".^.^.3.s"},[{"#n":"$r2"}],"\n",{"#":"RESTART"},"done",{"#f":5}],"c-1":["ev",{"^->":"ending.0.g-0.g-1.g-2.g-3.g-4.g-5.g-6.g-7.c-1.$r2"},"/ev",{"temp=":"$r"},{"->":".^.^.4.s"},[{"#n":"$r2"}],"\n",{"#":"CLEAR"},"^THE END","\n","end",{"#f":5}],"#f":5,"#n":"g-7"}],{"#f":5,"#n":"g-6"}],{"#f":5,"#n":"g-5"}],{"#f":5,"#n":"g-4"}],{"#f":5,"#n":"g-3"}],{"#f":5,"#n":"g-2"}],{"#f":5,"#n":"g-1"}],{"#f":5,"#n":"g-0"}],null],{"#f":1}],"silo":[{"->":".^.undefined"},{"WIP":[[["^Out of content, LOL.","\n",["ev",{"^->":"silo.WIP.0.g-0.2.$r1"},{"temp=":"$r"},"str",{"->":".^.s"},[{"#n":"$r1"}],"/str","/ev",{"*":".^.^.c-0","flg":2},{"s":["^Start Again",{"->":"$r","var":true},null]}],["ev",{"^->":"silo.WIP.0.g-0.3.$r1"},{"temp=":"$r"},"str",{"->":".^.s"},[{"#n":"$r1"}],"/str","/ev",{"*":".^.^.c-1","flg":2},{"s":["^Fuck no.",{"->":"$r","var":true},null]}],{"c-0":["ev",{"^->":"silo.WIP.0.g-0.c-0.$r2"},"/ev",{"temp=":"$r"},{"->":".^.^.2.s"},[{"#n":"$r2"}],"\n",{"#":"RESTART"},"done",{"#f":5}],"c-1":["ev",{"^->":"silo.WIP.0.g-0.c-1.$r2"},"/ev",{"temp=":"$r"},{"->":".^.^.3.s"},[{"#n":"$r2"}],"\n","end",{"#f":5}],"#f":5,"#n":"g-0"}],null],{"#f":1}],"undefined":[[["^ERROR: Undefined","\n","^You've been sent to the silo knot directly without a stitch address","\n","end",{"#f":5,"#n":"g-0"}],null],{"#f":1}],"#f":1}],"stringBuilder":[{"temp=":"new"},{"temp=":"old"},"ev",{"VAR?":"old"},{"VAR?":"new"},"+",{"temp=":"old","re":true},"/ev",{"#f":1}],"global decl":["ev","str","^{ERROR EMPLOYEE UNIDENTIFIED}","/str",{"VAR=":"userActive"},"str","^ERROR","/str",{"VAR=":"reasonDenied"},"str","^","/str",{"VAR=":"userProfile"},"str","^Access Denied","/str",{"VAR=":"currentStatus"},1,{"VAR=":"passSyllable"},"str","^","/str",{"VAR=":"passAssembled"},"str","^","/str",{"VAR=":"passAddition"},0,{"VAR=":"issuesAll"},0,{"VAR=":"issuesAssociates"},0,{"VAR=":"issuesHealth"},0,{"VAR=":"issuesCriminal"},"/ev","end",null],"#f":1}],"listDefs":{}}